code,area,settlement,street,latitude,longitude,start_date_time,end_date_time,car_taxi,goods_vehicle,bus_coach,m_cycle,cyclist,pedestrian,total
HC01,Highland,Inverness,Millburn Road,57.4820196,-4.2125589,2021-05-19T00:00:00Z,2021-05-19T01:00:00Z,27,2,1,0,3,6,39
HC01,Highland,Inverness,Millburn Road,57.4820196,-4.2125589,2021-05-19T01:00:00Z,2021-05-19T02:00:00Z,9,0,0,0,0,1,10
HC01,Highland,Inverness,Millburn Road,57.4820196,-4.2125589,2021-05-19T02:00:00Z,2021-05-19T03:00:00Z,6,2,0,0,0,0,8
HC01,Highland,Inverness,Millburn Road,57.4820196,-4.2125589,2021-05-19T03:00:00Z,2021-05-19T04:00:00Z,6,3,0,0,0,1,10
HC01,Highland,Inverness,Millburn Road,57.4820196,-4.2125589,2021-05-19T04:00:00Z,2021-05-19T05:00:00Z,18,6,0,0,0,2,26
HC01,Highland,Inverness,Millburn Road,57.4820196,-4.2125589,2021-05-19T05:00:00Z,2021-05-19T06:00:00Z,23,5,4,0,10,4,46
HC01,Highland,Inverness,Millburn Road,57.4820196,-4.2125589,2021-05-19T06:00:00Z,2021-05-19T07:00:00Z,84,32,14,0,8,5,143
HC01,Highland,Inverness,Millburn Road,57.4820196,-4.2125589,2021-05-19T07:00:00Z,2021-05-19T08:00:00Z,204,81,25,0,20,12,342
HC01,Highland,Inverness,Millburn Road,57.4820196,-4.2125589,2021-05-19T08:00:00Z,2021-05-19T09:00:00Z,469,91,30,0,31,45,666
HC01,Highland,Inverness,Millburn Road,57.4820196,-4.2125589,2021-05-19T09:00:00Z,2021-05-19T10:00:00Z,543,73,29,0,7,27,679
HC01,Highland,Inverness,Millburn Road,57.4820196,-4.2125589,2021-05-19T10:00:00Z,2021-05-19T11:00:00Z,656,100,33,0,7,40,836
HC01,Highland,Inverness,Millburn Road,57.4820196,-4.2125589,2021-05-19T11:00:00Z,2021-05-19T12:00:00Z,800,93,25,4,11,41,974
HC01,Highland,Inverness,Millburn Road,57.4820196,-4.2125589,2021-05-19T12:00:00Z,2021-05-19T13:00:00Z,834,90,28,3,25,33,1013
HC01,Highland,Inverness,Millburn Road,57.4820196,-4.2125589,2021-05-19T13:00:00Z,2021-05-19T14:00:00Z,727,89,28,4,13,253,1114
HC01,Highland,Inverness,Millburn Road,57.4820196,-4.2125589,2021-05-19T14:00:00Z,2021-05-19T15:00:00Z,780,71,29,12,24,39,955
HC01,Highland,Inverness,Millburn Road,57.4820196,-4.2125589,2021-05-19T15:00:00Z,2021-05-19T16:00:00Z,744,87,33,5,27,63,959
HC01,Highland,Inverness,Millburn Road,57.4820196,-4.2125589,2021-05-19T16:00:00Z,2021-05-19T17:00:00Z,642,76,31,14,23,38,824
HC01,Highland,Inverness,Millburn Road,57.4820196,-4.2125589,2021-05-19T17:00:00Z,2021-05-19T18:00:00Z,657,76,26,1,28,51,839
HC01,Highland,Inverness,Millburn Road,57.4820196,-4.2125589,2021-05-19T18:00:00Z,2021-05-19T19:00:00Z,456,51,20,2,26,42,597
HC01,Highland,Inverness,Millburn Road,57.4820196,-4.2125589,2021-05-19T19:00:00Z,2021-05-19T20:00:00Z,421,28,8,1,12,37,507
HC01,Highland,Inverness,Millburn Road,57.4820196,-4.2125589,2021-05-19T20:00:00Z,2021-05-19T21:00:00Z,348,18,6,2,13,35,422
HC01,Highland,Inverness,Millburn Road,57.4820196,-4.2125589,2021-05-19T21:00:00Z,2021-05-19T22:00:00Z,245,10,6,4,6,28,299
HC01,Highland,Inverness,Millburn Road,57.4820196,-4.2125589,2021-05-19T22:00:00Z,2021-05-19T23:00:00Z,184,10,3,1,12,26,236
HC01,Highland,Inverness,Millburn Road,57.4820196,-4.2125589,2021-05-19T23:00:00Z,2021-05-20T00:00:00Z,71,10,1,0,7,6,95
HC01,Highland,Inverness,Millburn Road,57.4820196,-4.2125589,2021-05-20T00:00:00Z,2021-05-20T01:00:00Z,31,0,1,0,4,3,39
HC01,Highland,Inverness,Millburn Road,57.4820196,-4.2125589,2021-05-20T01:00:00Z,2021-05-20T02:00:00Z,13,1,0,0,1,3,18
HC01,Highland,Inverness,Millburn Road,57.4820196,-4.2125589,2021-05-20T02:00:00Z,2021-05-20T03:00:00Z,13,0,0,1,0,1,15
HC01,Highland,Inverness,Millburn Road,57.4820196,-4.2125589,2021-05-20T03:00:00Z,2021-05-20T04:00:00Z,13,1,0,0,1,2,17
HC01,Highland,Inverness,Millburn Road,57.4820196,-4.2125589,2021-05-20T04:00:00Z,2021-05-20T05:00:00Z,11,3,0,0,4,2,20
HC01,Highland,Inverness,Millburn Road,57.4820196,-4.2125589,2021-05-20T05:00:00Z,2021-05-20T06:00:00Z,20,3,4,0,5,3,35
HC01,Highland,Inverness,Millburn Road,57.4820196,-4.2125589,2021-05-20T06:00:00Z,2021-05-20T07:00:00Z,75,26,17,0,11,12,141
HC01,Highland,Inverness,Millburn Road,57.4820196,-4.2125589,2021-05-20T07:00:00Z,2021-05-20T08:00:00Z,211,76,25,0,16,16,344
HC01,Highland,Inverness,Millburn Road,57.4820196,-4.2125589,2021-05-20T08:00:00Z,2021-05-20T09:00:00Z,460,107,36,2,25,28,658
HC01,Highland,Inverness,Millburn Road,57.4820196,-4.2125589,2021-05-20T09:00:00Z,2021-05-20T10:00:00Z,518,79,28,2,17,44,688
HC01,Highland,Inverness,Millburn Road,57.4820196,-4.2125589,2021-05-20T10:00:00Z,2021-05-20T11:00:00Z,698,86,32,3,8,36,863
HC01,Highland,Inverness,Millburn Road,57.4820196,-4.2125589,2021-05-20T11:00:00Z,2021-05-20T12:00:00Z,712,94,24,1,16,35,882
HC01,Highland,Inverness,Millburn Road,57.4820196,-4.2125589,2021-05-20T12:00:00Z,2021-05-20T13:00:00Z,802,81,25,2,15,44,969
HC01,Highland,Inverness,Millburn Road,57.4820196,-4.2125589,2021-05-20T13:00:00Z,2021-05-20T14:00:00Z,762,94,29,4,17,199,1105
HC01,Highland,Inverness,Millburn Road,57.4820196,-4.2125589,2021-05-20T14:00:00Z,2021-05-20T15:00:00Z,774,80,33,4,22,28,941
HC01,Highland,Inverness,Millburn Road,57.4820196,-4.2125589,2021-05-20T15:00:00Z,2021-05-20T16:00:00Z,783,92,32,5,34,43,989
HC01,Highland,Inverness,Millburn Road,57.4820196,-4.2125589,2021-05-20T16:00:00Z,2021-05-20T17:00:00Z,726,75,33,5,28,39,906
HC01,Highland,Inverness,Millburn Road,57.4820196,-4.2125589,2021-05-20T17:00:00Z,2021-05-20T18:00:00Z,736,66,27,5,28,32,894
HC01,Highland,Inverness,Millburn Road,57.4820196,-4.2125589,2021-05-20T18:00:00Z,2021-05-20T19:00:00Z,542,61,23,1,20,30,677
HC01,Highland,Inverness,Millburn Road,57.4820196,-4.2125589,2021-05-20T19:00:00Z,2021-05-20T20:00:00Z,410,37,9,3,16,17,492
HC01,Highland,Inverness,Millburn Road,57.4820196,-4.2125589,2021-05-20T20:00:00Z,2021-05-20T21:00:00Z,394,37,8,11,4,21,475
HC01,Highland,Inverness,Millburn Road,57.4820196,-4.2125589,2021-05-20T21:00:00Z,2021-05-20T22:00:00Z,250,23,7,3,14,13,310
HC01,Highland,Inverness,Millburn Road,57.4820196,-4.2125589,2021-05-20T22:00:00Z,2021-05-20T23:00:00Z,193,3,3,1,12,14,226
HC01,Highland,Inverness,Millburn Road,57.4820196,-4.2125589,2021-05-20T23:00:00Z,2021-05-21T00:00:00Z,64,3,1,1,3,11,83
HC01,Highland,Inverness,Millburn Road,57.4820196,-4.2125589,2021-09-22T00:00:00Z,2021-09-22T01:00:00Z,31,0,1,1,1,4,38
HC01,Highland,Inverness,Millburn Road,57.4820196,-4.2125589,2021-09-22T01:00:00Z,2021-09-22T02:00:00Z,17,2,0,0,0,1,20
HC01,Highland,Inverness,Millburn Road,57.4820196,-4.2125589,2021-09-22T02:00:00Z,2021-09-22T03:00:00Z,6,3,0,0,0,0,9
HC01,Highland,Inverness,Millburn Road,57.4820196,-4.2125589,2021-09-22T03:00:00Z,2021-09-22T04:00:00Z,8,3,0,0,0,1,12
HC01,Highland,Inverness,Millburn Road,57.4820196,-4.2125589,2021-09-22T04:00:00Z,2021-09-22T05:00:00Z,20,4,0,0,5,3,32
HC01,Highland,Inverness,Millburn Road,57.4820196,-4.2125589,2021-09-22T05:00:00Z,2021-09-22T06:00:00Z,22,6,5,0,6,2,41
HC01,Highland,Inverness,Millburn Road,57.4820196,-4.2125589,2021-09-22T06:00:00Z,2021-09-22T07:00:00Z,85,39,15,1,9,7,156
HC01,Highland,Inverness,Millburn Road,57.4820196,-4.2125589,2021-09-22T07:00:00Z,2021-09-22T08:00:00Z,208,80,28,1,25,25,367
HC01,Highland,Inverness,Millburn Road,57.4820196,-4.2125589,2021-09-22T08:00:00Z,2021-09-22T09:00:00Z,421,113,38,0,41,41,654
HC01,Highland,Inverness,Millburn Road,57.4820196,-4.2125589,2021-09-22T09:00:00Z,2021-09-22T10:00:00Z,550,101,38,4,14,25,732
HC01,Highland,Inverness,Millburn Road,57.4820196,-4.2125589,2021-09-22T10:00:00Z,2021-09-22T11:00:00Z,740,80,39,8,9,26,902
HC01,Highland,Inverness,Millburn Road,57.4820196,-4.2125589,2021-09-22T11:00:00Z,2021-09-22T12:00:00Z,825,104,37,2,6,21,995
HC01,Highland,Inverness,Millburn Road,57.4820196,-4.2125589,2021-09-22T12:00:00Z,2021-09-22T13:00:00Z,838,95,33,1,12,23,1002
HC01,Highland,Inverness,Millburn Road,57.4820196,-4.2125589,2021-09-22T13:00:00Z,2021-09-22T14:00:00Z,796,102,39,4,14,100,1055
HC01,Highland,Inverness,Millburn Road,57.4820196,-4.2125589,2021-09-22T14:00:00Z,2021-09-22T15:00:00Z,785,106,36,1,13,33,974
HC01,Highland,Inverness,Millburn Road,57.4820196,-4.2125589,2021-09-22T15:00:00Z,2021-09-22T16:00:00Z,806,122,29,1,29,90,1077
HC01,Highland,Inverness,Millburn Road,57.4820196,-4.2125589,2021-09-22T16:00:00Z,2021-09-22T17:00:00Z,708,99,37,2,29,53,928
HC01,Highland,Inverness,Millburn Road,57.4820196,-4.2125589,2021-09-22T17:00:00Z,2021-09-22T18:00:00Z,678,87,33,5,36,50,889
HC01,Highland,Inverness,Millburn Road,57.4820196,-4.2125589,2021-09-22T18:00:00Z,2021-09-22T19:00:00Z,527,61,18,4,22,45,677
HC01,Highland,Inverness,Millburn Road,57.4820196,-4.2125589,2021-09-22T19:00:00Z,2021-09-22T20:00:00Z,442,54,12,1,15,38,562
HC01,Highland,Inverness,Millburn Road,57.4820196,-4.2125589,2021-09-22T20:00:00Z,2021-09-22T21:00:00Z,342,43,11,0,20,26,442
HC01,Highland,Inverness,Millburn Road,57.4820196,-4.2125589,2021-09-22T21:00:00Z,2021-09-22T22:00:00Z,208,25,6,0,10,43,292
HC01,Highland,Inverness,Millburn Road,57.4820196,-4.2125589,2021-09-22T22:00:00Z,2021-09-22T23:00:00Z,139,22,4,0,3,10,178
HC01,Highland,Inverness,Millburn Road,57.4820196,-4.2125589,2021-09-22T23:00:00Z,2021-09-23T00:00:00Z,87,12,2,0,7,5,113
HC01,Highland,Inverness,Millburn Road,57.4820196,-4.2125589,2021-09-23T00:00:00Z,2021-09-23T01:00:00Z,33,3,1,1,0,4,42
HC01,Highland,Inverness,Millburn Road,57.4820196,-4.2125589,2021-09-23T01:00:00Z,2021-09-23T02:00:00Z,28,3,0,0,0,3,34
HC01,Highland,Inverness,Millburn Road,57.4820196,-4.2125589,2021-09-23T02:00:00Z,2021-09-23T03:00:00Z,11,3,0,0,1,0,15
HC01,Highland,Inverness,Millburn Road,57.4820196,-4.2125589,2021-09-23T03:00:00Z,2021-09-23T04:00:00Z,12,3,0,0,0,1,16
HC01,Highland,Inverness,Millburn Road,57.4820196,-4.2125589,2021-09-23T04:00:00Z,2021-09-23T05:00:00Z,23,3,2,2,3,5,38
HC01,Highland,Inverness,Millburn Road,57.4820196,-4.2125589,2021-09-23T05:00:00Z,2021-09-23T06:00:00Z,27,6,4,1,6,2,46
HC01,Highland,Inverness,Millburn Road,57.4820196,-4.2125589,2021-09-23T06:00:00Z,2021-09-23T07:00:00Z,74,22,18,0,8,6,128
HC01,Highland,Inverness,Millburn Road,57.4820196,-4.2125589,2021-09-23T07:00:00Z,2021-09-23T08:00:00Z,218,93,26,0,21,10,368
HC01,Highland,Inverness,Millburn Road,57.4820196,-4.2125589,2021-09-23T08:00:00Z,2021-09-23T09:00:00Z,480,110,39,3,40,37,709
HC01,Highland,Inverness,Millburn Road,57.4820196,-4.2125589,2021-09-23T09:00:00Z,2021-09-23T10:00:00Z,599,84,29,2,9,38,761
HC01,Highland,Inverness,Millburn Road,57.4820196,-4.2125589,2021-09-23T10:00:00Z,2021-09-23T11:00:00Z,690,77,40,1,8,37,853
HC01,Highland,Inverness,Millburn Road,57.4820196,-4.2125589,2021-09-23T11:00:00Z,2021-09-23T12:00:00Z,822,83,32,5,13,45,1000
HC01,Highland,Inverness,Millburn Road,57.4820196,-4.2125589,2021-09-23T12:00:00Z,2021-09-23T13:00:00Z,862,76,36,9,17,42,1042
HC01,Highland,Inverness,Millburn Road,57.4820196,-4.2125589,2021-09-23T13:00:00Z,2021-09-23T14:00:00Z,802,93,29,18,14,106,1062
HC01,Highland,Inverness,Millburn Road,57.4820196,-4.2125589,2021-09-23T14:00:00Z,2021-09-23T15:00:00Z,806,88,41,9,25,46,1015
HC01,Highland,Inverness,Millburn Road,57.4820196,-4.2125589,2021-09-23T15:00:00Z,2021-09-23T16:00:00Z,879,98,35,16,26,79,1133
HC01,Highland,Inverness,Millburn Road,57.4820196,-4.2125589,2021-09-23T16:00:00Z,2021-09-23T17:00:00Z,835,91,33,4,28,51,1042
HC01,Highland,Inverness,Millburn Road,57.4820196,-4.2125589,2021-09-23T17:00:00Z,2021-09-23T18:00:00Z,702,67,35,5,30,52,891
HC01,Highland,Inverness,Millburn Road,57.4820196,-4.2125589,2021-09-23T18:00:00Z,2021-09-23T19:00:00Z,546,48,21,3,24,62,704
HC01,Highland,Inverness,Millburn Road,57.4820196,-4.2125589,2021-09-23T19:00:00Z,2021-09-23T20:00:00Z,497,43,14,5,12,54,625
HC01,Highland,Inverness,Millburn Road,57.4820196,-4.2125589,2021-09-23T20:00:00Z,2021-09-23T21:00:00Z,334,21,7,3,9,18,392
HC01,Highland,Inverness,Millburn Road,57.4820196,-4.2125589,2021-09-23T21:00:00Z,2021-09-23T22:00:00Z,233,10,6,7,14,28,298
HC01,Highland,Inverness,Millburn Road,57.4820196,-4.2125589,2021-09-23T22:00:00Z,2021-09-23T23:00:00Z,160,11,4,0,5,18,198
HC01,Highland,Inverness,Millburn Road,57.4820196,-4.2125589,2021-09-23T23:00:00Z,2021-09-24T00:00:00Z,100,7,2,1,6,12,128
HC01,Highland,Inverness,Millburn Road,57.4820196,-4.2125589,2022-05-18T00:00:00Z,2022-05-18T01:00:00Z,42,3,0,0,4,6,55
HC01,Highland,Inverness,Millburn Road,57.4820196,-4.2125589,2022-05-18T01:00:00Z,2022-05-18T02:00:00Z,28,1,0,0,2,5,36
HC01,Highland,Inverness,Millburn Road,57.4820196,-4.2125589,2022-05-18T02:00:00Z,2022-05-18T03:00:00Z,20,2,0,0,2,0,24
HC01,Highland,Inverness,Millburn Road,57.4820196,-4.2125589,2022-05-18T03:00:00Z,2022-05-18T04:00:00Z,8,0,0,0,0,1,9
HC01,Highland,Inverness,Millburn Road,57.4820196,-4.2125589,2022-05-18T04:00:00Z,2022-05-18T05:00:00Z,24,7,0,0,1,1,33
HC01,Highland,Inverness,Millburn Road,57.4820196,-4.2125589,2022-05-18T05:00:00Z,2022-05-18T06:00:00Z,45,9,6,0,3,8,71
HC01,Highland,Inverness,Millburn Road,57.4820196,-4.2125589,2022-05-18T06:00:00Z,2022-05-18T07:00:00Z,104,32,13,5,13,10,177
HC01,Highland,Inverness,Millburn Road,57.4820196,-4.2125589,2022-05-18T07:00:00Z,2022-05-18T08:00:00Z,196,72,22,1,18,25,334
HC01,Highland,Inverness,Millburn Road,57.4820196,-4.2125589,2022-05-18T08:00:00Z,2022-05-18T09:00:00Z,477,100,38,7,31,46,699
HC01,Highland,Inverness,Millburn Road,57.4820196,-4.2125589,2022-05-18T09:00:00Z,2022-05-18T10:00:00Z,598,81,38,5,19,33,774
HC01,Highland,Inverness,Millburn Road,57.4820196,-4.2125589,2022-05-18T10:00:00Z,2022-05-18T11:00:00Z,677,80,35,4,13,47,856
HC01,Highland,Inverness,Millburn Road,57.4820196,-4.2125589,2022-05-18T11:00:00Z,2022-05-18T12:00:00Z,780,82,31,2,13,30,938
HC01,Highland,Inverness,Millburn Road,57.4820196,-4.2125589,2022-05-18T12:00:00Z,2022-05-18T13:00:00Z,863,99,29,4,19,53,1067
HC01,Highland,Inverness,Millburn Road,57.4820196,-4.2125589,2022-05-18T13:00:00Z,2022-05-18T14:00:00Z,817,90,35,6,22,132,1102
HC01,Highland,Inverness,Millburn Road,57.4820196,-4.2125589,2022-05-18T14:00:00Z,2022-05-18T15:00:00Z,718,96,32,6,23,38,913
HC01,Highland,Inverness,Millburn Road,57.4820196,-4.2125589,2022-05-18T15:00:00Z,2022-05-18T16:00:00Z,761,77,29,10,29,56,962
HC01,Highland,Inverness,Millburn Road,57.4820196,-4.2125589,2022-05-18T16:00:00Z,2022-05-18T17:00:00Z,689,82,28,7,40,63,909
HC01,Highland,Inverness,Millburn Road,57.4820196,-4.2125589,2022-05-18T17:00:00Z,2022-05-18T18:00:00Z,708,68,27,8,35,58,904
HC01,Highland,Inverness,Millburn Road,57.4820196,-4.2125589,2022-05-18T18:00:00Z,2022-05-18T19:00:00Z,519,49,16,15,33,59,691
HC01,Highland,Inverness,Millburn Road,57.4820196,-4.2125589,2022-05-18T19:00:00Z,2022-05-18T20:00:00Z,437,35,11,8,12,54,557
HC01,Highland,Inverness,Millburn Road,57.4820196,-4.2125589,2022-05-18T20:00:00Z,2022-05-18T21:00:00Z,340,14,11,2,13,33,413
HC01,Highland,Inverness,Millburn Road,57.4820196,-4.2125589,2022-05-18T21:00:00Z,2022-05-18T22:00:00Z,223,9,9,5,7,86,339
HC01,Highland,Inverness,Millburn Road,57.4820196,-4.2125589,2022-05-18T22:00:00Z,2022-05-18T23:00:00Z,195,4,6,1,12,19,237
HC01,Highland,Inverness,Millburn Road,57.4820196,-4.2125589,2022-05-18T23:00:00Z,2022-05-19T00:00:00Z,186,11,3,1,5,50,256
HC01,Highland,Inverness,Millburn Road,57.4820196,-4.2125589,2022-05-19T00:00:00Z,2022-05-19T01:00:00Z,110,7,1,1,4,26,149
HC01,Highland,Inverness,Millburn Road,57.4820196,-4.2125589,2022-05-19T01:00:00Z,2022-05-19T02:00:00Z,53,3,0,0,1,7,64
HC01,Highland,Inverness,Millburn Road,57.4820196,-4.2125589,2022-05-19T02:00:00Z,2022-05-19T03:00:00Z,25,3,0,0,0,0,28
HC01,Highland,Inverness,Millburn Road,57.4820196,-4.2125589,2022-05-19T03:00:00Z,2022-05-19T04:00:00Z,17,1,0,0,1,5,24
HC01,Highland,Inverness,Millburn Road,57.4820196,-4.2125589,2022-05-19T04:00:00Z,2022-05-19T05:00:00Z,17,2,0,0,1,3,23
HC01,Highland,Inverness,Millburn Road,57.4820196,-4.2125589,2022-05-19T05:00:00Z,2022-05-19T06:00:00Z,44,3,6,0,4,6,63
HC01,Highland,Inverness,Millburn Road,57.4820196,-4.2125589,2022-05-19T06:00:00Z,2022-05-19T07:00:00Z,92,22,13,1,13,10,151
HC01,Highland,Inverness,Millburn Road,57.4820196,-4.2125589,2022-05-19T07:00:00Z,2022-05-19T08:00:00Z,230,82,23,1,15,20,371
HC01,Highland,Inverness,Millburn Road,57.4820196,-4.2125589,2022-05-19T08:00:00Z,2022-05-19T09:00:00Z,360,148,24,13,55,34,634
HC01,Highland,Inverness,Millburn Road,57.4820196,-4.2125589,2022-05-19T09:00:00Z,2022-05-19T10:00:00Z,621,104,41,13,16,74,869
HC01,Highland,Inverness,Millburn Road,57.4820196,-4.2125589,2022-05-19T10:00:00Z,2022-05-19T11:00:00Z,686,105,35,6,11,47,890
HC01,Highland,Inverness,Millburn Road,57.4820196,-4.2125589,2022-05-19T11:00:00Z,2022-05-19T12:00:00Z,782,77,30,4,16,32,941
HC01,Highland,Inverness,Millburn Road,57.4820196,-4.2125589,2022-05-19T12:00:00Z,2022-05-19T13:00:00Z,773,85,33,10,17,61,979
HC01,Highland,Inverness,Millburn Road,57.4820196,-4.2125589,2022-05-19T13:00:00Z,2022-05-19T14:00:00Z,877,98,32,3,23,136,1169
HC01,Highland,Inverness,Millburn Road,57.4820196,-4.2125589,2022-05-19T14:00:00Z,2022-05-19T15:00:00Z,800,95,33,8,18,36,990
HC01,Highland,Inverness,Millburn Road,57.4820196,-4.2125589,2022-05-19T15:00:00Z,2022-05-19T16:00:00Z,710,87,26,6,35,56,920
HC01,Highland,Inverness,Millburn Road,57.4820196,-4.2125589,2022-05-19T16:00:00Z,2022-05-19T17:00:00Z,791,76,25,8,28,51,979
HC01,Highland,Inverness,Millburn Road,57.4820196,-4.2125589,2022-05-19T17:00:00Z,2022-05-19T18:00:00Z,774,90,28,5,49,65,1011
HC01,Highland,Inverness,Millburn Road,57.4820196,-4.2125589,2022-05-19T18:00:00Z,2022-05-19T19:00:00Z,590,56,18,4,46,84,798
HC01,Highland,Inverness,Millburn Road,57.4820196,-4.2125589,2022-05-19T19:00:00Z,2022-05-19T20:00:00Z,486,32,7,6,17,65,613
HC01,Highland,Inverness,Millburn Road,57.4820196,-4.2125589,2022-05-19T20:00:00Z,2022-05-19T21:00:00Z,422,27,8,3,19,55,534
HC01,Highland,Inverness,Millburn Road,57.4820196,-4.2125589,2022-05-19T21:00:00Z,2022-05-19T22:00:00Z,263,14,7,4,18,40,346
HC01,Highland,Inverness,Millburn Road,57.4820196,-4.2125589,2022-05-19T22:00:00Z,2022-05-19T23:00:00Z,211,10,5,0,13,20,259
HC01,Highland,Inverness,Millburn Road,57.4820196,-4.2125589,2022-05-19T23:00:00Z,2022-05-20T00:00:00Z,117,6,2,1,7,21,154
HC01,Highland,Inverness,Millburn Road,57.4820196,-4.2125589,2022-09-21T00:00:00Z,2022-09-21T01:00:00Z,25,7,1,0,9,4,46
HC01,Highland,Inverness,Millburn Road,57.4820196,-4.2125589,2022-09-21T01:00:00Z,2022-09-21T02:00:00Z,26,5,0,0,1,4,36
HC01,Highland,Inverness,Millburn Road,57.4820196,-4.2125589,2022-09-21T02:00:00Z,2022-09-21T03:00:00Z,20,2,0,0,0,5,27
HC01,Highland,Inverness,Millburn Road,57.4820196,-4.2125589,2022-09-21T03:00:00Z,2022-09-21T04:00:00Z,12,2,0,0,0,0,14
HC01,Highland,Inverness,Millburn Road,57.4820196,-4.2125589,2022-09-21T04:00:00Z,2022-09-21T05:00:00Z,20,1,0,0,2,1,24
HC01,Highland,Inverness,Millburn Road,57.4820196,-4.2125589,2022-09-21T05:00:00Z,2022-09-21T06:00:00Z,51,9,3,1,9,0,73
HC01,Highland,Inverness,Millburn Road,57.4820196,-4.2125589,2022-09-21T06:00:00Z,2022-09-21T07:00:00Z,101,30,12,2,16,10,171
HC01,Highland,Inverness,Millburn Road,57.4820196,-4.2125589,2022-09-21T07:00:00Z,2022-09-21T08:00:00Z,239,72,19,0,21,29,380
HC01,Highland,Inverness,Millburn Road,57.4820196,-4.2125589,2022-09-21T08:00:00Z,2022-09-21T09:00:00Z,531,83,33,3,51,45,746
HC01,Highland,Inverness,Millburn Road,57.4820196,-4.2125589,2022-09-21T09:00:00Z,2022-09-21T10:00:00Z,572,75,28,6,23,51,755
HC01,Highland,Inverness,Millburn Road,57.4820196,-4.2125589,2022-09-21T10:00:00Z,2022-09-21T11:00:00Z,723,96,28,4,15,39,905
HC01,Highland,Inverness,Millburn Road,57.4820196,-4.2125589,2022-09-21T11:00:00Z,2022-09-21T12:00:00Z,799,91,20,5,12,42,969
HC01,Highland,Inverness,Millburn Road,57.4820196,-4.2125589,2022-09-21T12:00:00Z,2022-09-21T13:00:00Z,883,88,25,4,20,38,1058
HC01,Highland,Inverness,Millburn Road,57.4820196,-4.2125589,2022-09-21T13:00:00Z,2022-09-21T14:00:00Z,786,90,28,3,27,212,1146
HC01,Highland,Inverness,Millburn Road,57.4820196,-4.2125589,2022-09-21T14:00:00Z,2022-09-21T15:00:00Z,872,80,28,10,20,31,1041
HC01,Highland,Inverness,Millburn Road,57.4820196,-4.2125589,2022-09-21T15:00:00Z,2022-09-21T16:00:00Z,803,91,26,4,36,77,1037
HC01,Highland,Inverness,Millburn Road,57.4820196,-4.2125589,2022-09-21T16:00:00Z,2022-09-21T17:00:00Z,772,96,32,2,37,66,1005
HC01,Highland,Inverness,Millburn Road,57.4820196,-4.2125589,2022-09-21T17:00:00Z,2022-09-21T18:00:00Z,712,65,27,8,49,64,925
HC01,Highland,Inverness,Millburn Road,57.4820196,-4.2125589,2022-09-21T18:00:00Z,2022-09-21T19:00:00Z,528,51,10,7,21,52,669
HC01,Highland,Inverness,Millburn Road,57.4820196,-4.2125589,2022-09-21T19:00:00Z,2022-09-21T20:00:00Z,412,43,6,3,17,35,516
HC01,Highland,Inverness,Millburn Road,57.4820196,-4.2125589,2022-09-21T20:00:00Z,2022-09-21T21:00:00Z,357,27,9,1,14,32,440
HC01,Highland,Inverness,Millburn Road,57.4820196,-4.2125589,2022-09-21T21:00:00Z,2022-09-21T22:00:00Z,267,24,5,0,20,18,334
HC01,Highland,Inverness,Millburn Road,57.4820196,-4.2125589,2022-09-21T22:00:00Z,2022-09-21T23:00:00Z,175,8,4,0,9,33,229
HC01,Highland,Inverness,Millburn Road,57.4820196,-4.2125589,2022-09-21T23:00:00Z,2022-09-22T00:00:00Z,64,2,2,0,6,9,83
HC01,Highland,Inverness,Millburn Road,57.4820196,-4.2125589,2022-09-22T00:00:00Z,2022-09-22T01:00:00Z,24,0,1,0,3,3,31
HC01,Highland,Inverness,Millburn Road,57.4820196,-4.2125589,2022-09-22T01:00:00Z,2022-09-22T02:00:00Z,27,2,0,0,0,5,34
HC01,Highland,Inverness,Millburn Road,57.4820196,-4.2125589,2022-09-22T02:00:00Z,2022-09-22T03:00:00Z,16,8,1,0,0,1,26
HC01,Highland,Inverness,Millburn Road,57.4820196,-4.2125589,2022-09-22T03:00:00Z,2022-09-22T04:00:00Z,8,1,0,0,0,0,9
HC01,Highland,Inverness,Millburn Road,57.4820196,-4.2125589,2022-09-22T04:00:00Z,2022-09-22T05:00:00Z,19,4,2,0,0,4,29
HC01,Highland,Inverness,Millburn Road,57.4820196,-4.2125589,2022-09-22T05:00:00Z,2022-09-22T06:00:00Z,51,13,3,1,9,5,82
HC01,Highland,Inverness,Millburn Road,57.4820196,-4.2125589,2022-09-22T06:00:00Z,2022-09-22T07:00:00Z,112,34,12,2,13,13,186
HC01,Highland,Inverness,Millburn Road,57.4820196,-4.2125589,2022-09-22T07:00:00Z,2022-09-22T08:00:00Z,230,78,20,1,19,18,366
HC01,Highland,Inverness,Millburn Road,57.4820196,-4.2125589,2022-09-22T08:00:00Z,2022-09-22T09:00:00Z,519,91,29,0,36,48,723
HC01,Highland,Inverness,Millburn Road,57.4820196,-4.2125589,2022-09-22T09:00:00Z,2022-09-22T10:00:00Z,645,76,25,0,19,30,795
HC01,Highland,Inverness,Millburn Road,57.4820196,-4.2125589,2022-09-22T10:00:00Z,2022-09-22T11:00:00Z,757,97,32,2,14,49,951
HC01,Highland,Inverness,Millburn Road,57.4820196,-4.2125589,2022-09-22T11:00:00Z,2022-09-22T12:00:00Z,813,87,32,1,17,43,993
HC01,Highland,Inverness,Millburn Road,57.4820196,-4.2125589,2022-09-22T12:00:00Z,2022-09-22T13:00:00Z,873,117,29,3,10,52,1084
HC01,Highland,Inverness,Millburn Road,57.4820196,-4.2125589,2022-09-22T13:00:00Z,2022-09-22T14:00:00Z,820,100,29,4,19,189,1161
HC01,Highland,Inverness,Millburn Road,57.4820196,-4.2125589,2022-09-22T14:00:00Z,2022-09-22T15:00:00Z,793,85,35,6,18,53,990
HC01,Highland,Inverness,Millburn Road,57.4820196,-4.2125589,2022-09-22T15:00:00Z,2022-09-22T16:00:00Z,792,60,36,3,35,70,996
HC01,Highland,Inverness,Millburn Road,57.4820196,-4.2125589,2022-09-22T16:00:00Z,2022-09-22T17:00:00Z,776,95,29,1,28,58,987
HC01,Highland,Inverness,Millburn Road,57.4820196,-4.2125589,2022-09-22T17:00:00Z,2022-09-22T18:00:00Z,719,78,32,3,29,61,922
HC01,Highland,Inverness,Millburn Road,57.4820196,-4.2125589,2022-09-22T18:00:00Z,2022-09-22T19:00:00Z,632,42,17,8,20,62,781
HC01,Highland,Inverness,Millburn Road,57.4820196,-4.2125589,2022-09-22T19:00:00Z,2022-09-22T20:00:00Z,473,32,8,0,17,63,593
HC01,Highland,Inverness,Millburn Road,57.4820196,-4.2125589,2022-09-22T20:00:00Z,2022-09-22T21:00:00Z,341,16,9,7,18,31,422
HC01,Highland,Inverness,Millburn Road,57.4820196,-4.2125589,2022-09-22T21:00:00Z,2022-09-22T22:00:00Z,308,18,8,1,11,47,393
HC01,Highland,Inverness,Millburn Road,57.4820196,-4.2125589,2022-09-22T22:00:00Z,2022-09-22T23:00:00Z,268,10,4,2,15,23,322
HC01,Highland,Inverness,Millburn Road,57.4820196,-4.2125589,2022-09-22T23:00:00Z,2022-09-23T00:00:00Z,148,5,2,0,3,10,168
HC01,Highland,Inverness,Millburn Road,57.4820196,-4.2125589,2023-05-17T00:00:00Z,2023-05-17T01:00:00Z,48,1,0,0,2,13,64
HC01,Highland,Inverness,Millburn Road,57.4820196,-4.2125589,2023-05-17T01:00:00Z,2023-05-17T02:00:00Z,29,0,0,0,1,5,35
HC01,Highland,Inverness,Millburn Road,57.4820196,-4.2125589,2023-05-17T02:00:00Z,2023-05-17T03:00:00Z,27,5,0,0,1,1,34
HC01,Highland,Inverness,Millburn Road,57.4820196,-4.2125589,2023-05-17T03:00:00Z,2023-05-17T04:00:00Z,9,2,0,0,1,0,12
HC01,Highland,Inverness,Millburn Road,57.4820196,-4.2125589,2023-05-17T04:00:00Z,2023-05-17T05:00:00Z,30,2,0,0,3,2,37
HC01,Highland,Inverness,Millburn Road,57.4820196,-4.2125589,2023-05-17T05:00:00Z,2023-05-17T06:00:00Z,57,5,7,1,7,7,84
HC01,Highland,Inverness,Millburn Road,57.4820196,-4.2125589,2023-05-17T06:00:00Z,2023-05-17T07:00:00Z,119,35,12,1,14,13,194
HC01,Highland,Inverness,Millburn Road,57.4820196,-4.2125589,2023-05-17T07:00:00Z,2023-05-17T08:00:00Z,233,72,26,1,29,29,390
HC01,Highland,Inverness,Millburn Road,57.4820196,-4.2125589,2023-05-17T08:00:00Z,2023-05-17T09:00:00Z,511,99,30,1,39,40,720
HC01,Highland,Inverness,Millburn Road,57.4820196,-4.2125589,2023-05-17T09:00:00Z,2023-05-17T10:00:00Z,584,103,30,4,17,50,788
HC01,Highland,Inverness,Millburn Road,57.4820196,-4.2125589,2023-05-17T10:00:00Z,2023-05-17T11:00:00Z,690,86,40,8,9,41,874
HC01,Highland,Inverness,Millburn Road,57.4820196,-4.2125589,2023-05-17T11:00:00Z,2023-05-17T12:00:00Z,708,67,30,8,17,32,862
HC01,Highland,Inverness,Millburn Road,57.4820196,-4.2125589,2023-05-17T12:00:00Z,2023-05-17T13:00:00Z,815,96,32,6,26,38,1013
HC01,Highland,Inverness,Millburn Road,57.4820196,-4.2125589,2023-05-17T13:00:00Z,2023-05-17T14:00:00Z,806,83,33,3,11,87,1023
HC01,Highland,Inverness,Millburn Road,57.4820196,-4.2125589,2023-05-17T14:00:00Z,2023-05-17T15:00:00Z,766,122,29,7,36,53,1013
HC01,Highland,Inverness,Millburn Road,57.4820196,-4.2125589,2023-05-17T15:00:00Z,2023-05-17T16:00:00Z,724,91,30,9,23,58,935
HC01,Highland,Inverness,Millburn Road,57.4820196,-4.2125589,2023-05-17T16:00:00Z,2023-05-17T17:00:00Z,719,75,36,7,24,48,909
HC01,Highland,Inverness,Millburn Road,57.4820196,-4.2125589,2023-05-17T17:00:00Z,2023-05-17T18:00:00Z,734,81,35,9,46,57,962
HC01,Highland,Inverness,Millburn Road,57.4820196,-4.2125589,2023-05-17T18:00:00Z,2023-05-17T19:00:00Z,527,56,19,6,14,51,673
HC01,Highland,Inverness,Millburn Road,57.4820196,-4.2125589,2023-05-17T19:00:00Z,2023-05-17T20:00:00Z,446,33,14,7,11,36,547
HC01,Highland,Inverness,Millburn Road,57.4820196,-4.2125589,2023-05-17T20:00:00Z,2023-05-17T21:00:00Z,377,31,4,5,7,34,458
HC01,Highland,Inverness,Millburn Road,57.4820196,-4.2125589,2023-05-17T21:00:00Z,2023-05-17T22:00:00Z,283,22,9,3,6,30,353
HC01,Highland,Inverness,Millburn Road,57.4820196,-4.2125589,2023-05-17T22:00:00Z,2023-05-17T23:00:00Z,166,7,5,4,7,36,225
HC01,Highland,Inverness,Millburn Road,57.4820196,-4.2125589,2023-05-17T23:00:00Z,2023-05-18T00:00:00Z,94,4,3,0,5,18,124
HC01,Highland,Inverness,Millburn Road,57.4820196,-4.2125589,2023-05-18T00:00:00Z,2023-05-18T01:00:00Z,50,3,0,0,6,4,63
HC01,Highland,Inverness,Millburn Road,57.4820196,-4.2125589,2023-05-18T01:00:00Z,2023-05-18T02:00:00Z,30,1,0,0,1,4,36
HC01,Highland,Inverness,Millburn Road,57.4820196,-4.2125589,2023-05-18T02:00:00Z,2023-05-18T03:00:00Z,13,4,0,0,2,3,22
HC01,Highland,Inverness,Millburn Road,57.4820196,-4.2125589,2023-05-18T03:00:00Z,2023-05-18T04:00:00Z,13,0,0,0,0,4,17
HC01,Highland,Inverness,Millburn Road,57.4820196,-4.2125589,2023-05-18T04:00:00Z,2023-05-18T05:00:00Z,21,3,0,0,2,1,27
HC01,Highland,Inverness,Millburn Road,57.4820196,-4.2125589,2023-05-18T05:00:00Z,2023-05-18T06:00:00Z,65,9,7,1,6,2,90
HC01,Highland,Inverness,Millburn Road,57.4820196,-4.2125589,2023-05-18T06:00:00Z,2023-05-18T07:00:00Z,115,26,18,0,19,5,183
HC01,Highland,Inverness,Millburn Road,57.4820196,-4.2125589,2023-05-18T07:00:00Z,2023-05-18T08:00:00Z,270,60,23,0,30,30,413
HC01,Highland,Inverness,Millburn Road,57.4820196,-4.2125589,2023-05-18T08:00:00Z,2023-05-18T09:00:00Z,559,90,33,7,41,42,772
HC01,Highland,Inverness,Millburn Road,57.4820196,-4.2125589,2023-05-18T09:00:00Z,2023-05-18T10:00:00Z,616,75,18,3,20,29,761
HC01,Highland,Inverness,Millburn Road,57.4820196,-4.2125589,2023-05-18T10:00:00Z,2023-05-18T11:00:00Z,757,69,33,12,12,39,922
HC01,Highland,Inverness,Millburn Road,57.4820196,-4.2125589,2023-05-18T11:00:00Z,2023-05-18T12:00:00Z,822,59,32,6,13,29,961
HC01,Highland,Inverness,Millburn Road,57.4820196,-4.2125589,2023-05-18T12:00:00Z,2023-05-18T13:00:00Z,891,86,34,2,22,35,1070
HC01,Highland,Inverness,Millburn Road,57.4820196,-4.2125589,2023-05-18T13:00:00Z,2023-05-18T14:00:00Z,866,86,38,8,20,113,1131
HC01,Highland,Inverness,Millburn Road,57.4820196,-4.2125589,2023-05-18T14:00:00Z,2023-05-18T15:00:00Z,807,68,36,4,24,45,984
HC01,Highland,Inverness,Millburn Road,57.4820196,-4.2125589,2023-05-18T15:00:00Z,2023-05-18T16:00:00Z,836,82,32,12,30,52,1044
HC01,Highland,Inverness,Millburn Road,57.4820196,-4.2125589,2023-05-18T16:00:00Z,2023-05-18T17:00:00Z,786,82,33,10,28,52,991
HC01,Highland,Inverness,Millburn Road,57.4820196,-4.2125589,2023-05-18T17:00:00Z,2023-05-18T18:00:00Z,816,70,38,16,31,71,1042
HC01,Highland,Inverness,Millburn Road,57.4820196,-4.2125589,2023-05-18T18:00:00Z,2023-05-18T19:00:00Z,586,36,26,8,45,62,763
HC01,Highland,Inverness,Millburn Road,57.4820196,-4.2125589,2023-05-18T19:00:00Z,2023-05-18T20:00:00Z,477,19,16,4,16,66,598
HC01,Highland,Inverness,Millburn Road,57.4820196,-4.2125589,2023-05-18T20:00:00Z,2023-05-18T21:00:00Z,413,23,11,3,13,71,534
HC01,Highland,Inverness,Millburn Road,57.4820196,-4.2125589,2023-05-18T21:00:00Z,2023-05-18T22:00:00Z,366,18,6,3,7,29,429
HC01,Highland,Inverness,Millburn Road,57.4820196,-4.2125589,2023-05-18T22:00:00Z,2023-05-18T23:00:00Z,213,7,6,2,10,30,268
HC01,Highland,Inverness,Millburn Road,57.4820196,-4.2125589,2023-05-18T23:00:00Z,2023-05-19T00:00:00Z,128,2,3,0,6,9,148
HC01,Highland,Inverness,Millburn Road,57.4820196,-4.2125589,2023-09-20T00:00:00Z,2023-09-20T01:00:00Z,42,3,0,0,1,1,47
HC01,Highland,Inverness,Millburn Road,57.4820196,-4.2125589,2023-09-20T01:00:00Z,2023-09-20T02:00:00Z,20,3,0,0,1,1,25
HC01,Highland,Inverness,Millburn Road,57.4820196,-4.2125589,2023-09-20T02:00:00Z,2023-09-20T03:00:00Z,16,0,0,0,2,2,20
HC01,Highland,Inverness,Millburn Road,57.4820196,-4.2125589,2023-09-20T03:00:00Z,2023-09-20T04:00:00Z,17,2,0,0,0,2,21
HC01,Highland,Inverness,Millburn Road,57.4820196,-4.2125589,2023-09-20T04:00:00Z,2023-09-20T05:00:00Z,38,5,0,0,1,4,48
HC01,Highland,Inverness,Millburn Road,57.4820196,-4.2125589,2023-09-20T05:00:00Z,2023-09-20T06:00:00Z,66,11,9,0,4,2,92
HC01,Highland,Inverness,Millburn Road,57.4820196,-4.2125589,2023-09-20T06:00:00Z,2023-09-20T07:00:00Z,118,38,24,1,6,13,200
HC01,Highland,Inverness,Millburn Road,57.4820196,-4.2125589,2023-09-20T07:00:00Z,2023-09-20T08:00:00Z,330,102,32,1,29,24,518
HC01,Highland,Inverness,Millburn Road,57.4820196,-4.2125589,2023-09-20T08:00:00Z,2023-09-20T09:00:00Z,611,110,44,3,35,44,847
HC01,Highland,Inverness,Millburn Road,57.4820196,-4.2125589,2023-09-20T09:00:00Z,2023-09-20T10:00:00Z,754,106,43,3,15,31,952
HC01,Highland,Inverness,Millburn Road,57.4820196,-4.2125589,2023-09-20T10:00:00Z,2023-09-20T11:00:00Z,849,81,37,5,13,41,1026
HC01,Highland,Inverness,Millburn Road,57.4820196,-4.2125589,2023-09-20T11:00:00Z,2023-09-20T12:00:00Z,869,100,29,12,10,33,1053
HC01,Highland,Inverness,Millburn Road,57.4820196,-4.2125589,2023-09-20T12:00:00Z,2023-09-20T13:00:00Z,988,93,35,4,11,44,1175
HC01,Highland,Inverness,Millburn Road,57.4820196,-4.2125589,2023-09-20T13:00:00Z,2023-09-20T14:00:00Z,960,99,44,5,25,208,1341
HC01,Highland,Inverness,Millburn Road,57.4820196,-4.2125589,2023-09-20T14:00:00Z,2023-09-20T15:00:00Z,935,103,39,3,21,46,1147
HC01,Highland,Inverness,Millburn Road,57.4820196,-4.2125589,2023-09-20T15:00:00Z,2023-09-20T16:00:00Z,948,88,31,13,33,53,1166
HC01,Highland,Inverness,Millburn Road,57.4820196,-4.2125589,2023-09-20T16:00:00Z,2023-09-20T17:00:00Z,918,79,42,6,28,60,1133
HC01,Highland,Inverness,Millburn Road,57.4820196,-4.2125589,2023-09-20T17:00:00Z,2023-09-20T18:00:00Z,876,88,44,7,29,59,1103
HC01,Highland,Inverness,Millburn Road,57.4820196,-4.2125589,2023-09-20T18:00:00Z,2023-09-20T19:00:00Z,697,51,21,5,18,74,866
HC01,Highland,Inverness,Millburn Road,57.4820196,-4.2125589,2023-09-20T19:00:00Z,2023-09-20T20:00:00Z,477,32,13,3,13,31,569
HC01,Highland,Inverness,Millburn Road,57.4820196,-4.2125589,2023-09-20T20:00:00Z,2023-09-20T21:00:00Z,414,26,9,4,13,31,497
HC01,Highland,Inverness,Millburn Road,57.4820196,-4.2125589,2023-09-20T21:00:00Z,2023-09-20T22:00:00Z,374,13,9,5,11,24,436
HC01,Highland,Inverness,Millburn Road,57.4820196,-4.2125589,2023-09-20T22:00:00Z,2023-09-20T23:00:00Z,208,14,4,7,7,20,260
HC01,Highland,Inverness,Millburn Road,57.4820196,-4.2125589,2023-09-20T23:00:00Z,2023-09-21T00:00:00Z,114,7,7,1,7,8,144
HC01,Highland,Inverness,Millburn Road,57.4820196,-4.2125589,2023-09-21T00:00:00Z,2023-09-21T01:00:00Z,46,2,0,0,2,2,52
HC01,Highland,Inverness,Millburn Road,57.4820196,-4.2125589,2023-09-21T01:00:00Z,2023-09-21T02:00:00Z,37,7,0,0,7,1,52
HC01,Highland,Inverness,Millburn Road,57.4820196,-4.2125589,2023-09-21T02:00:00Z,2023-09-21T03:00:00Z,16,2,0,0,2,2,22
HC01,Highland,Inverness,Millburn Road,57.4820196,-4.2125589,2023-09-21T03:00:00Z,2023-09-21T04:00:00Z,20,3,0,0,0,4,27
HC01,Highland,Inverness,Millburn Road,57.4820196,-4.2125589,2023-09-21T04:00:00Z,2023-09-21T05:00:00Z,36,11,1,0,1,2,51
HC01,Highland,Inverness,Millburn Road,57.4820196,-4.2125589,2023-09-21T05:00:00Z,2023-09-21T06:00:00Z,48,13,10,1,3,3,78
HC01,Highland,Inverness,Millburn Road,57.4820196,-4.2125589,2023-09-21T06:00:00Z,2023-09-21T07:00:00Z,113,33,21,0,9,14,190
HC01,Highland,Inverness,Millburn Road,57.4820196,-4.2125589,2023-09-21T07:00:00Z,2023-09-21T08:00:00Z,306,88,28,0,23,25,470
HC01,Highland,Inverness,Millburn Road,57.4820196,-4.2125589,2023-09-21T08:00:00Z,2023-09-21T09:00:00Z,640,107,39,4,42,48,880
HC01,Highland,Inverness,Millburn Road,57.4820196,-4.2125589,2023-09-21T09:00:00Z,2023-09-21T10:00:00Z,778,106,35,4,10,24,957
HC01,Highland,Inverness,Millburn Road,57.4820196,-4.2125589,2023-09-21T10:00:00Z,2023-09-21T11:00:00Z,935,103,47,2,15,44,1146
HC01,Highland,Inverness,Millburn Road,57.4820196,-4.2125589,2023-09-21T11:00:00Z,2023-09-21T12:00:00Z,987,106,37,10,5,43,1188
HC01,Highland,Inverness,Millburn Road,57.4820196,-4.2125589,2023-09-21T12:00:00Z,2023-09-21T13:00:00Z,1003,129,41,7,13,45,1238
HC01,Highland,Inverness,Millburn Road,57.4820196,-4.2125589,2023-09-21T13:00:00Z,2023-09-21T14:00:00Z,1049,104,37,4,12,222,1428
HC01,Highland,Inverness,Millburn Road,57.4820196,-4.2125589,2023-09-21T14:00:00Z,2023-09-21T15:00:00Z,1039,114,43,5,20,50,1271
HC01,Highland,Inverness,Millburn Road,57.4820196,-4.2125589,2023-09-21T15:00:00Z,2023-09-21T16:00:00Z,1007,96,35,8,37,71,1254
HC01,Highland,Inverness,Millburn Road,57.4820196,-4.2125589,2023-09-21T16:00:00Z,2023-09-21T17:00:00Z,946,95,34,4,26,46,1151
HC01,Highland,Inverness,Millburn Road,57.4820196,-4.2125589,2023-09-21T17:00:00Z,2023-09-21T18:00:00Z,966,98,30,13,36,68,1211
HC01,Highland,Inverness,Millburn Road,57.4820196,-4.2125589,2023-09-21T18:00:00Z,2023-09-21T19:00:00Z,717,67,25,7,18,47,881
HC01,Highland,Inverness,Millburn Road,57.4820196,-4.2125589,2023-09-21T19:00:00Z,2023-09-21T20:00:00Z,528,33,16,5,11,69,662
HC01,Highland,Inverness,Millburn Road,57.4820196,-4.2125589,2023-09-21T20:00:00Z,2023-09-21T21:00:00Z,495,17,7,3,13,31,566
HC01,Highland,Inverness,Millburn Road,57.4820196,-4.2125589,2023-09-21T21:00:00Z,2023-09-21T22:00:00Z,381,21,9,5,8,46,470
HC01,Highland,Inverness,Millburn Road,57.4820196,-4.2125589,2023-09-21T22:00:00Z,2023-09-21T23:00:00Z,254,7,4,1,8,38,312
HC01,Highland,Inverness,Millburn Road,57.4820196,-4.2125589,2023-09-21T23:00:00Z,2023-09-22T00:00:00Z,146,2,7,0,5,5,165
HC01,Highland,Inverness,Millburn Road,57.4820196,-4.2125589,2024-05-22T00:00:00Z,2024-05-22T01:00:00Z,51,4,0,1,1,9,66
HC01,Highland,Inverness,Millburn Road,57.4820196,-4.2125589,2024-05-22T01:00:00Z,2024-05-22T02:00:00Z,29,2,0,0,1,7,39
HC01,Highland,Inverness,Millburn Road,57.4820196,-4.2125589,2024-05-22T02:00:00Z,2024-05-22T03:00:00Z,13,3,0,0,0,1,17
HC01,Highland,Inverness,Millburn Road,57.4820196,-4.2125589,2024-05-22T03:00:00Z,2024-05-22T04:00:00Z,12,4,0,0,0,1,17
HC01,Highland,Inverness,Millburn Road,57.4820196,-4.2125589,2024-05-22T04:00:00Z,2024-05-22T05:00:00Z,37,3,0,0,7,6,53
HC01,Highland,Inverness,Millburn Road,57.4820196,-4.2125589,2024-05-22T05:00:00Z,2024-05-22T06:00:00Z,72,7,7,0,2,5,93
HC01,Highland,Inverness,Millburn Road,57.4820196,-4.2125589,2024-05-22T06:00:00Z,2024-05-22T07:00:00Z,92,37,16,0,9,12,166
HC01,Highland,Inverness,Millburn Road,57.4820196,-4.2125589,2024-05-22T07:00:00Z,2024-05-22T08:00:00Z,265,76,21,6,20,24,412
HC01,Highland,Inverness,Millburn Road,57.4820196,-4.2125589,2024-05-22T08:00:00Z,2024-05-22T09:00:00Z,543,80,35,0,33,29,720
HC01,Highland,Inverness,Millburn Road,57.4820196,-4.2125589,2024-05-22T09:00:00Z,2024-05-22T10:00:00Z,627,83,32,7,17,30,796
HC01,Highland,Inverness,Millburn Road,57.4820196,-4.2125589,2024-05-22T10:00:00Z,2024-05-22T11:00:00Z,743,89,34,5,15,43,929
HC01,Highland,Inverness,Millburn Road,57.4820196,-4.2125589,2024-05-22T11:00:00Z,2024-05-22T12:00:00Z,878,105,29,5,9,43,1069
HC01,Highland,Inverness,Millburn Road,57.4820196,-4.2125589,2024-05-22T12:00:00Z,2024-05-22T13:00:00Z,967,100,30,4,11,42,1154
HC01,Highland,Inverness,Millburn Road,57.4820196,-4.2125589,2024-05-22T13:00:00Z,2024-05-22T14:00:00Z,933,104,30,5,15,112,1199
HC01,Highland,Inverness,Millburn Road,57.4820196,-4.2125589,2024-05-22T14:00:00Z,2024-05-22T15:00:00Z,860,105,33,6,9,40,1053
HC01,Highland,Inverness,Millburn Road,57.4820196,-4.2125589,2024-05-22T15:00:00Z,2024-05-22T16:00:00Z,934,100,37,0,14,40,1125
HC01,Highland,Inverness,Millburn Road,57.4820196,-4.2125589,2024-05-22T16:00:00Z,2024-05-22T17:00:00Z,852,101,33,3,20,33,1042
HC01,Highland,Inverness,Millburn Road,57.4820196,-4.2125589,2024-05-22T17:00:00Z,2024-05-22T18:00:00Z,875,108,32,1,26,39,1081
HC01,Highland,Inverness,Millburn Road,57.4820196,-4.2125589,2024-05-22T18:00:00Z,2024-05-22T19:00:00Z,593,59,15,5,16,25,713
HC01,Highland,Inverness,Millburn Road,57.4820196,-4.2125589,2024-05-22T19:00:00Z,2024-05-22T20:00:00Z,443,38,12,3,8,34,538
HC01,Highland,Inverness,Millburn Road,57.4820196,-4.2125589,2024-05-22T20:00:00Z,2024-05-22T21:00:00Z,371,26,14,3,6,16,436
HC01,Highland,Inverness,Millburn Road,57.4820196,-4.2125589,2024-05-22T21:00:00Z,2024-05-22T22:00:00Z,314,24,8,2,9,19,376
HC01,Highland,Inverness,Millburn Road,57.4820196,-4.2125589,2024-05-22T22:00:00Z,2024-05-22T23:00:00Z,180,3,3,0,5,20,211
HC01,Highland,Inverness,Millburn Road,57.4820196,-4.2125589,2024-05-22T23:00:00Z,2024-05-23T00:00:00Z,73,2,6,0,0,10,91
HC01,Highland,Inverness,Millburn Road,57.4820196,-4.2125589,2024-05-23T00:00:00Z,2024-05-23T01:00:00Z,55,2,1,0,0,2,60
HC01,Highland,Inverness,Millburn Road,57.4820196,-4.2125589,2024-05-23T01:00:00Z,2024-05-23T02:00:00Z,36,0,0,0,1,6,43
HC01,Highland,Inverness,Millburn Road,57.4820196,-4.2125589,2024-05-23T02:00:00Z,2024-05-23T03:00:00Z,32,0,0,0,3,2,37
HC01,Highland,Inverness,Millburn Road,57.4820196,-4.2125589,2024-05-23T03:00:00Z,2024-05-23T04:00:00Z,9,1,0,0,1,4,15
HC01,Highland,Inverness,Millburn Road,57.4820196,-4.2125589,2024-05-23T04:00:00Z,2024-05-23T05:00:00Z,38,4,0,0,3,3,48
HC01,Highland,Inverness,Millburn Road,57.4820196,-4.2125589,2024-05-23T05:00:00Z,2024-05-23T06:00:00Z,57,9,6,0,4,3,79
HC01,Highland,Inverness,Millburn Road,57.4820196,-4.2125589,2024-05-23T06:00:00Z,2024-05-23T07:00:00Z,106,31,17,0,8,18,180
HC01,Highland,Inverness,Millburn Road,57.4820196,-4.2125589,2024-05-23T07:00:00Z,2024-05-23T08:00:00Z,254,65,29,0,8,14,370
HC01,Highland,Inverness,Millburn Road,57.4820196,-4.2125589,2024-05-23T08:00:00Z,2024-05-23T09:00:00Z,540,81,38,0,14,22,695
HC01,Highland,Inverness,Millburn Road,57.4820196,-4.2125589,2024-05-23T09:00:00Z,2024-05-23T10:00:00Z,679,93,27,2,11,23,835
HC01,Highland,Inverness,Millburn Road,57.4820196,-4.2125589,2024-05-23T10:00:00Z,2024-05-23T11:00:00Z,828,111,35,8,9,26,1017
HC01,Highland,Inverness,Millburn Road,57.4820196,-4.2125589,2024-05-23T11:00:00Z,2024-05-23T12:00:00Z,900,102,27,9,7,34,1079
HC01,Highland,Inverness,Millburn Road,57.4820196,-4.2125589,2024-05-23T12:00:00Z,2024-05-23T13:00:00Z,1072,95,34,1,7,40,1249
HC01,Highland,Inverness,Millburn Road,57.4820196,-4.2125589,2024-05-23T13:00:00Z,2024-05-23T14:00:00Z,1005,99,33,0,7,70,1214
HC01,Highland,Inverness,Millburn Road,57.4820196,-4.2125589,2024-05-23T14:00:00Z,2024-05-23T15:00:00Z,931,88,33,7,7,38,1104
HC01,Highland,Inverness,Millburn Road,57.4820196,-4.2125589,2024-05-23T15:00:00Z,2024-05-23T16:00:00Z,918,96,33,1,13,66,1127
HC01,Highland,Inverness,Millburn Road,57.4820196,-4.2125589,2024-05-23T16:00:00Z,2024-05-23T17:00:00Z,847,87,31,3,7,44,1019
HC01,Highland,Inverness,Millburn Road,57.4820196,-4.2125589,2024-05-23T17:00:00Z,2024-05-23T18:00:00Z,913,95,43,5,15,52,1123
HC01,Highland,Inverness,Millburn Road,57.4820196,-4.2125589,2024-05-23T18:00:00Z,2024-05-23T19:00:00Z,650,47,20,5,10,41,773
HC01,Highland,Inverness,Millburn Road,57.4820196,-4.2125589,2024-05-23T19:00:00Z,2024-05-23T20:00:00Z,463,32,14,15,4,40,568
HC01,Highland,Inverness,Millburn Road,57.4820196,-4.2125589,2024-05-23T20:00:00Z,2024-05-23T21:00:00Z,418,25,10,0,10,18,481
HC01,Highland,Inverness,Millburn Road,57.4820196,-4.2125589,2024-05-23T21:00:00Z,2024-05-23T22:00:00Z,328,20,6,0,7,18,379
HC01,Highland,Inverness,Millburn Road,57.4820196,-4.2125589,2024-05-23T22:00:00Z,2024-05-23T23:00:00Z,235,5,3,0,8,18,269
HC01,Highland,Inverness,Millburn Road,57.4820196,-4.2125589,2024-05-23T23:00:00Z,2024-05-24T00:00:00Z,111,1,5,0,1,7,125
HC01,Highland,Inverness,Millburn Road,57.4820196,-4.2125589,2024-09-18T00:00:00Z,2024-09-18T01:00:00Z,52,1,0,0,5,20,78
HC01,Highland,Inverness,Millburn Road,57.4820196,-4.2125589,2024-09-18T01:00:00Z,2024-09-18T02:00:00Z,24,2,0,0,1,2,29
HC01,Highland,Inverness,Millburn Road,57.4820196,-4.2125589,2024-09-18T02:00:00Z,2024-09-18T03:00:00Z,15,3,0,0,2,1,21
HC01,Highland,Inverness,Millburn Road,57.4820196,-4.2125589,2024-09-18T03:00:00Z,2024-09-18T04:00:00Z,12,3,0,0,0,1,16
HC01,Highland,Inverness,Millburn Road,57.4820196,-4.2125589,2024-09-18T04:00:00Z,2024-09-18T05:00:00Z,44,2,0,0,2,4,52
HC01,Highland,Inverness,Millburn Road,57.4820196,-4.2125589,2024-09-18T05:00:00Z,2024-09-18T06:00:00Z,73,10,7,0,2,6,98
HC01,Highland,Inverness,Millburn Road,57.4820196,-4.2125589,2024-09-18T06:00:00Z,2024-09-18T07:00:00Z,104,26,12,0,20,11,173
HC01,Highland,Inverness,Millburn Road,57.4820196,-4.2125589,2024-09-18T07:00:00Z,2024-09-18T08:00:00Z,257,73,18,2,25,24,399
HC01,Highland,Inverness,Millburn Road,57.4820196,-4.2125589,2024-09-18T08:00:00Z,2024-09-18T09:00:00Z,495,90,32,4,20,44,685
HC01,Highland,Inverness,Millburn Road,57.4820196,-4.2125589,2024-09-18T09:00:00Z,2024-09-18T10:00:00Z,645,77,27,1,14,22,786
HC01,Highland,Inverness,Millburn Road,57.4820196,-4.2125589,2024-09-18T10:00:00Z,2024-09-18T11:00:00Z,690,69,31,5,7,42,844
HC01,Highland,Inverness,Millburn Road,57.4820196,-4.2125589,2024-09-18T11:00:00Z,2024-09-18T12:00:00Z,837,83,27,7,13,41,1008
HC01,Highland,Inverness,Millburn Road,57.4820196,-4.2125589,2024-09-18T12:00:00Z,2024-09-18T13:00:00Z,880,81,27,10,13,42,1053
HC01,Highland,Inverness,Millburn Road,57.4820196,-4.2125589,2024-09-18T13:00:00Z,2024-09-18T14:00:00Z,828,84,28,5,23,223,1191
HC01,Highland,Inverness,Millburn Road,57.4820196,-4.2125589,2024-09-18T14:00:00Z,2024-09-18T15:00:00Z,798,95,35,1,20,37,986
HC01,Highland,Inverness,Millburn Road,57.4820196,-4.2125589,2024-09-18T15:00:00Z,2024-09-18T16:00:00Z,862,83,31,13,18,79,1086
HC01,Highland,Inverness,Millburn Road,57.4820196,-4.2125589,2024-09-18T16:00:00Z,2024-09-18T17:00:00Z,824,71,30,6,40,55,1026
HC01,Highland,Inverness,Millburn Road,57.4820196,-4.2125589,2024-09-18T17:00:00Z,2024-09-18T18:00:00Z,718,80,32,7,30,63,930
HC01,Highland,Inverness,Millburn Road,57.4820196,-4.2125589,2024-09-18T18:00:00Z,2024-09-18T19:00:00Z,615,51,16,5,35,62,784
HC01,Highland,Inverness,Millburn Road,57.4820196,-4.2125589,2024-09-18T19:00:00Z,2024-09-18T20:00:00Z,507,34,14,6,8,72,641
HC01,Highland,Inverness,Millburn Road,57.4820196,-4.2125589,2024-09-18T20:00:00Z,2024-09-18T21:00:00Z,447,25,6,0,8,76,562
HC01,Highland,Inverness,Millburn Road,57.4820196,-4.2125589,2024-09-18T21:00:00Z,2024-09-18T22:00:00Z,302,15,8,1,7,68,401
HC01,Highland,Inverness,Millburn Road,57.4820196,-4.2125589,2024-09-18T22:00:00Z,2024-09-18T23:00:00Z,235,4,3,4,12,18,276
HC01,Highland,Inverness,Millburn Road,57.4820196,-4.2125589,2024-09-18T23:00:00Z,2024-09-19T00:00:00Z,100,6,5,0,3,9,123
HC01,Highland,Inverness,Millburn Road,57.4820196,-4.2125589,2024-09-19T00:00:00Z,2024-09-19T01:00:00Z,63,1,0,0,1,4,69
HC01,Highland,Inverness,Millburn Road,57.4820196,-4.2125589,2024-09-19T01:00:00Z,2024-09-19T02:00:00Z,24,2,0,0,0,1,27
HC01,Highland,Inverness,Millburn Road,57.4820196,-4.2125589,2024-09-19T02:00:00Z,2024-09-19T03:00:00Z,25,0,1,0,1,0,27
HC01,Highland,Inverness,Millburn Road,57.4820196,-4.2125589,2024-09-19T03:00:00Z,2024-09-19T04:00:00Z,28,4,0,0,0,3,35
HC01,Highland,Inverness,Millburn Road,57.4820196,-4.2125589,2024-09-19T04:00:00Z,2024-09-19T05:00:00Z,34,2,0,0,4,1,41
HC01,Highland,Inverness,Millburn Road,57.4820196,-4.2125589,2024-09-19T05:00:00Z,2024-09-19T06:00:00Z,66,7,7,0,4,7,91
HC01,Highland,Inverness,Millburn Road,57.4820196,-4.2125589,2024-09-19T06:00:00Z,2024-09-19T07:00:00Z,123,20,19,1,19,10,192
HC01,Highland,Inverness,Millburn Road,57.4820196,-4.2125589,2024-09-19T07:00:00Z,2024-09-19T08:00:00Z,264,80,21,1,19,16,401
HC01,Highland,Inverness,Millburn Road,57.4820196,-4.2125589,2024-09-19T08:00:00Z,2024-09-19T09:00:00Z,522,94,29,4,32,34,715
HC01,Highland,Inverness,Millburn Road,57.4820196,-4.2125589,2024-09-19T09:00:00Z,2024-09-19T10:00:00Z,679,105,26,4,16,22,852
HC01,Highland,Inverness,Millburn Road,57.4820196,-4.2125589,2024-09-19T10:00:00Z,2024-09-19T11:00:00Z,794,94,28,3,17,47,983
HC01,Highland,Inverness,Millburn Road,57.4820196,-4.2125589,2024-09-19T11:00:00Z,2024-09-19T12:00:00Z,893,115,28,2,14,51,1103
HC01,Highland,Inverness,Millburn Road,57.4820196,-4.2125589,2024-09-19T12:00:00Z,2024-09-19T13:00:00Z,905,91,31,8,9,34,1078
HC01,Highland,Inverness,Millburn Road,57.4820196,-4.2125589,2024-09-19T13:00:00Z,2024-09-19T14:00:00Z,850,101,33,11,16,181,1192
HC01,Highland,Inverness,Millburn Road,57.4820196,-4.2125589,2024-09-19T14:00:00Z,2024-09-19T15:00:00Z,914,83,28,8,15,53,1101
HC01,Highland,Inverness,Millburn Road,57.4820196,-4.2125589,2024-09-19T15:00:00Z,2024-09-19T16:00:00Z,789,94,27,8,19,86,1023
HC01,Highland,Inverness,Millburn Road,57.4820196,-4.2125589,2024-09-19T16:00:00Z,2024-09-19T17:00:00Z,859,93,29,11,36,59,1087
HC01,Highland,Inverness,Millburn Road,57.4820196,-4.2125589,2024-09-19T17:00:00Z,2024-09-19T18:00:00Z,835,101,28,11,30,77,1082
HC01,Highland,Inverness,Millburn Road,57.4820196,-4.2125589,2024-09-19T18:00:00Z,2024-09-19T19:00:00Z,625,55,21,8,9,85,803
HC01,Highland,Inverness,Millburn Road,57.4820196,-4.2125589,2024-09-19T19:00:00Z,2024-09-19T20:00:00Z,482,37,10,14,15,63,621
HC01,Highland,Inverness,Millburn Road,57.4820196,-4.2125589,2024-09-19T20:00:00Z,2024-09-19T21:00:00Z,434,18,5,4,15,47,523
HC01,Highland,Inverness,Millburn Road,57.4820196,-4.2125589,2024-09-19T21:00:00Z,2024-09-19T22:00:00Z,306,13,6,7,12,38,382
HC01,Highland,Inverness,Millburn Road,57.4820196,-4.2125589,2024-09-19T22:00:00Z,2024-09-19T23:00:00Z,233,10,2,1,10,32,288
HC01,Highland,Inverness,Millburn Road,57.4820196,-4.2125589,2024-09-19T23:00:00Z,2024-09-20T00:00:00Z,106,7,5,2,2,20,142
HC01,Highland,Inverness,Millburn Road,57.4820196,-4.2125589,2025-05-14T00:00:00Z,2025-05-14T01:00:00Z,48,3,1,0,0,3,55
HC01,Highland,Inverness,Millburn Road,57.4820196,-4.2125589,2025-05-14T01:00:00Z,2025-05-14T02:00:00Z,23,3,1,0,3,1,31
HC01,Highland,Inverness,Millburn Road,57.4820196,-4.2125589,2025-05-14T02:00:00Z,2025-05-14T03:00:00Z,16,0,2,0,2,0,20
HC01,Highland,Inverness,Millburn Road,57.4820196,-4.2125589,2025-05-14T03:00:00Z,2025-05-14T04:00:00Z,8,2,0,0,0,0,10
HC01,Highland,Inverness,Millburn Road,57.4820196,-4.2125589,2025-05-14T04:00:00Z,2025-05-14T05:00:00Z,48,3,0,0,2,4,57
HC01,Highland,Inverness,Millburn Road,57.4820196,-4.2125589,2025-05-14T05:00:00Z,2025-05-14T06:00:00Z,79,12,7,1,2,0,101
HC01,Highland,Inverness,Millburn Road,57.4820196,-4.2125589,2025-05-14T06:00:00Z,2025-05-14T07:00:00Z,149,27,15,1,16,9,217
HC01,Highland,Inverness,Millburn Road,57.4820196,-4.2125589,2025-05-14T07:00:00Z,2025-05-14T08:00:00Z,253,83,23,3,21,30,413
HC01,Highland,Inverness,Millburn Road,57.4820196,-4.2125589,2025-05-14T08:00:00Z,2025-05-14T09:00:00Z,594,71,36,8,26,37,772
HC01,Highland,Inverness,Millburn Road,57.4820196,-4.2125589,2025-05-14T09:00:00Z,2025-05-14T10:00:00Z,654,82,28,6,17,27,814
HC01,Highland,Inverness,Millburn Road,57.4820196,-4.2125589,2025-05-14T10:00:00Z,2025-05-14T11:00:00Z,817,88,34,4,12,59,1014
HC01,Highland,Inverness,Millburn Road,57.4820196,-4.2125589,2025-05-14T11:00:00Z,2025-05-14T12:00:00Z,848,84,25,12,11,46,1026
HC01,Highland,Inverness,Millburn Road,57.4820196,-4.2125589,2025-05-14T12:00:00Z,2025-05-14T13:00:00Z,943,90,34,6,16,61,1150
HC01,Highland,Inverness,Millburn Road,57.4820196,-4.2125589,2025-05-14T13:00:00Z,2025-05-14T14:00:00Z,890,108,34,4,22,134,1192
HC01,Highland,Inverness,Millburn Road,57.4820196,-4.2125589,2025-05-14T14:00:00Z,2025-05-14T15:00:00Z,941,84,38,6,14,30,1113
HC01,Highland,Inverness,Millburn Road,57.4820196,-4.2125589,2025-05-14T15:00:00Z,2025-05-14T16:00:00Z,889,81,33,8,22,58,1091
HC01,Highland,Inverness,Millburn Road,57.4820196,-4.2125589,2025-05-14T16:00:00Z,2025-05-14T17:00:00Z,809,102,29,12,37,49,1038
HC01,Highland,Inverness,Millburn Road,57.4820196,-4.2125589,2025-05-14T17:00:00Z,2025-05-14T18:00:00Z,782,83,36,9,25,68,1003
HC01,Highland,Inverness,Millburn Road,57.4820196,-4.2125589,2025-05-14T18:00:00Z,2025-05-14T19:00:00Z,626,65,15,15,25,52,798
HC01,Highland,Inverness,Millburn Road,57.4820196,-4.2125589,2025-05-14T19:00:00Z,2025-05-14T20:00:00Z,454,39,10,4,12,33,552
HC01,Highland,Inverness,Millburn Road,57.4820196,-4.2125589,2025-05-14T20:00:00Z,2025-05-14T21:00:00Z,487,39,5,14,15,44,604
HC01,Highland,Inverness,Millburn Road,57.4820196,-4.2125589,2025-05-14T21:00:00Z,2025-05-14T22:00:00Z,361,25,5,6,14,27,438
HC01,Highland,Inverness,Millburn Road,57.4820196,-4.2125589,2025-05-14T22:00:00Z,2025-05-14T23:00:00Z,236,13,3,4,14,24,294
HC01,Highland,Inverness,Millburn Road,57.4820196,-4.2125589,2025-05-14T23:00:00Z,2025-05-15T00:00:00Z,135,6,4,3,4,8,160
HC01,Highland,Inverness,Millburn Road,57.4820196,-4.2125589,2025-05-15T00:00:00Z,2025-05-15T01:00:00Z,57,0,0,0,2,8,67
HC01,Highland,Inverness,Millburn Road,57.4820196,-4.2125589,2025-05-15T01:00:00Z,2025-05-15T02:00:00Z,34,3,0,1,0,0,38
HC01,Highland,Inverness,Millburn Road,57.4820196,-4.2125589,2025-05-15T02:00:00Z,2025-05-15T03:00:00Z,15,0,0,0,1,2,18
HC01,Highland,Inverness,Millburn Road,57.4820196,-4.2125589,2025-05-15T03:00:00Z,2025-05-15T04:00:00Z,24,1,0,0,1,0,26
HC01,Highland,Inverness,Millburn Road,57.4820196,-4.2125589,2025-05-15T04:00:00Z,2025-05-15T05:00:00Z,28,8,0,0,2,2,40
HC01,Highland,Inverness,Millburn Road,57.4820196,-4.2125589,2025-05-15T05:00:00Z,2025-05-15T06:00:00Z,47,10,7,1,5,1,71
HC01,Highland,Inverness,Millburn Road,57.4820196,-4.2125589,2025-05-15T06:00:00Z,2025-05-15T07:00:00Z,122,21,15,0,17,10,185
HC01,Highland,Inverness,Millburn Road,57.4820196,-4.2125589,2025-05-15T07:00:00Z,2025-05-15T08:00:00Z,278,68,24,3,24,26,423
HC01,Highland,Inverness,Millburn Road,57.4820196,-4.2125589,2025-05-15T08:00:00Z,2025-05-15T09:00:00Z,583,109,33,1,27,45,798
HC01,Highland,Inverness,Millburn Road,57.4820196,-4.2125589,2025-05-15T09:00:00Z,2025-05-15T10:00:00Z,706,84,32,1,23,49,895
HC01,Highland,Inverness,Millburn Road,57.4820196,-4.2125589,2025-05-15T10:00:00Z,2025-05-15T11:00:00Z,773,85,34,9,23,44,968
HC01,Highland,Inverness,Millburn Road,57.4820196,-4.2125589,2025-05-15T11:00:00Z,2025-05-15T12:00:00Z,837,93,28,9,12,38,1017
HC01,Highland,Inverness,Millburn Road,57.4820196,-4.2125589,2025-05-15T12:00:00Z,2025-05-15T13:00:00Z,931,97,30,9,18,53,1138
HC01,Highland,Inverness,Millburn Road,57.4820196,-4.2125589,2025-05-15T13:00:00Z,2025-05-15T14:00:00Z,836,90,32,7,19,173,1157
HC01,Highland,Inverness,Millburn Road,57.4820196,-4.2125589,2025-05-15T14:00:00Z,2025-05-15T15:00:00Z,882,101,31,14,18,80,1126
HC01,Highland,Inverness,Millburn Road,57.4820196,-4.2125589,2025-05-15T15:00:00Z,2025-05-15T16:00:00Z,877,77,29,10,22,66,1081
HC01,Highland,Inverness,Millburn Road,57.4820196,-4.2125589,2025-05-15T16:00:00Z,2025-05-15T17:00:00Z,892,108,30,5,36,51,1122
HC01,Highland,Inverness,Millburn Road,57.4820196,-4.2125589,2025-05-15T17:00:00Z,2025-05-15T18:00:00Z,819,80,32,14,30,79,1054
HC01,Highland,Inverness,Millburn Road,57.4820196,-4.2125589,2025-05-15T18:00:00Z,2025-05-15T19:00:00Z,693,62,12,10,19,61,857
HC01,Highland,Inverness,Millburn Road,57.4820196,-4.2125589,2025-05-15T19:00:00Z,2025-05-15T20:00:00Z,506,31,9,0,6,42,594
HC01,Highland,Inverness,Millburn Road,57.4820196,-4.2125589,2025-05-15T20:00:00Z,2025-05-15T21:00:00Z,473,27,4,0,6,44,554
HC01,Highland,Inverness,Millburn Road,57.4820196,-4.2125589,2025-05-15T21:00:00Z,2025-05-15T22:00:00Z,343,20,9,0,7,37,416
HC01,Highland,Inverness,Millburn Road,57.4820196,-4.2125589,2025-05-15T22:00:00Z,2025-05-15T23:00:00Z,233,3,6,3,4,12,261
HC01,Highland,Inverness,Millburn Road,57.4820196,-4.2125589,2025-05-15T23:00:00Z,2025-05-16T00:00:00Z,112,3,6,1,1,9,132
HC01,Highland,Inverness,Millburn Road,57.4820196,-4.2125589,2025-09-24T00:00:00Z,2025-09-24T01:00:00Z,49,9,1,0,0,6,65
HC01,Highland,Inverness,Millburn Road,57.4820196,-4.2125589,2025-09-24T01:00:00Z,2025-09-24T02:00:00Z,22,2,1,0,0,1,26
HC01,Highland,Inverness,Millburn Road,57.4820196,-4.2125589,2025-09-24T02:00:00Z,2025-09-24T03:00:00Z,19,5,1,0,1,1,27
HC01,Highland,Inverness,Millburn Road,57.4820196,-4.2125589,2025-09-24T03:00:00Z,2025-09-24T04:00:00Z,10,3,1,0,0,0,14
HC01,Highland,Inverness,Millburn Road,57.4820196,-4.2125589,2025-09-24T04:00:00Z,2025-09-24T05:00:00Z,28,2,3,0,1,1,35
HC01,Highland,Inverness,Millburn Road,57.4820196,-4.2125589,2025-09-24T05:00:00Z,2025-09-24T06:00:00Z,54,10,7,1,0,1,73
HC01,Highland,Inverness,Millburn Road,57.4820196,-4.2125589,2025-09-24T06:00:00Z,2025-09-24T07:00:00Z,111,41,12,3,9,10,186
HC01,Highland,Inverness,Millburn Road,57.4820196,-4.2125589,2025-09-24T07:00:00Z,2025-09-24T08:00:00Z,296,49,19,1,23,40,428
HC01,Highland,Inverness,Millburn Road,57.4820196,-4.2125589,2025-09-24T08:00:00Z,2025-09-24T09:00:00Z,594,96,40,2,26,55,813
HC01,Highland,Inverness,Millburn Road,57.4820196,-4.2125589,2025-09-24T09:00:00Z,2025-09-24T10:00:00Z,609,107,24,0,7,37,784
HC01,Highland,Inverness,Millburn Road,57.4820196,-4.2125589,2025-09-24T10:00:00Z,2025-09-24T11:00:00Z,666,82,31,2,12,41,834
HC01,Highland,Inverness,Millburn Road,57.4820196,-4.2125589,2025-09-24T11:00:00Z,2025-09-24T12:00:00Z,799,94,24,3,16,44,980
HC01,Highland,Inverness,Millburn Road,57.4820196,-4.2125589,2025-09-24T12:00:00Z,2025-09-24T13:00:00Z,889,80,35,1,18,48,1071
HC01,Highland,Inverness,Millburn Road,57.4820196,-4.2125589,2025-09-24T13:00:00Z,2025-09-24T14:00:00Z,822,100,28,7,14,218,1189
HC01,Highland,Inverness,Millburn Road,57.4820196,-4.2125589,2025-09-24T14:00:00Z,2025-09-24T15:00:00Z,777,94,34,4,28,59,996
HC01,Highland,Inverness,Millburn Road,57.4820196,-4.2125589,2025-09-24T15:00:00Z,2025-09-24T16:00:00Z,830,84,29,8,32,78,1061
HC01,Highland,Inverness,Millburn Road,57.4820196,-4.2125589,2025-09-24T16:00:00Z,2025-09-24T17:00:00Z,795,95,33,4,30,66,1023
HC01,Highland,Inverness,Millburn Road,57.4820196,-4.2125589,2025-09-24T17:00:00Z,2025-09-24T18:00:00Z,870,84,31,3,40,65,1093
HC01,Highland,Inverness,Millburn Road,57.4820196,-4.2125589,2025-09-24T18:00:00Z,2025-09-24T19:00:00Z,629,32,13,7,16,77,774
HC01,Highland,Inverness,Millburn Road,57.4820196,-4.2125589,2025-09-24T19:00:00Z,2025-09-24T20:00:00Z,524,29,11,9,22,50,645
HC01,Highland,Inverness,Millburn Road,57.4820196,-4.2125589,2025-09-24T20:00:00Z,2025-09-24T21:00:00Z,428,17,9,3,13,50,520
HC01,Highland,Inverness,Millburn Road,57.4820196,-4.2125589,2025-09-24T21:00:00Z,2025-09-24T22:00:00Z,292,16,6,4,11,47,376
HC01,Highland,Inverness,Millburn Road,57.4820196,-4.2125589,2025-09-24T22:00:00Z,2025-09-24T23:00:00Z,194,0,8,1,9,17,229
HC01,Highland,Inverness,Millburn Road,57.4820196,-4.2125589,2025-09-24T23:00:00Z,2025-09-25T00:00:00Z,96,5,6,0,4,10,121
HC01,Highland,Inverness,Millburn Road,57.4820196,-4.2125589,2025-09-25T00:00:00Z,2025-09-25T01:00:00Z,46,1,1,0,2,3,53
HC01,Highland,Inverness,Millburn Road,57.4820196,-4.2125589,2025-09-25T01:00:00Z,2025-09-25T02:00:00Z,25,1,1,0,0,2,29
HC01,Highland,Inverness,Millburn Road,57.4820196,-4.2125589,2025-09-25T02:00:00Z,2025-09-25T03:00:00Z,22,2,1,1,1,3,30
HC01,Highland,Inverness,Millburn Road,57.4820196,-4.2125589,2025-09-25T03:00:00Z,2025-09-25T04:00:00Z,9,1,1,0,1,0,12
HC01,Highland,Inverness,Millburn Road,57.4820196,-4.2125589,2025-09-25T04:00:00Z,2025-09-25T05:00:00Z,27,5,1,0,3,1,37
HC01,Highland,Inverness,Millburn Road,57.4820196,-4.2125589,2025-09-25T05:00:00Z,2025-09-25T06:00:00Z,61,13,8,0,2,1,85
HC01,Highland,Inverness,Millburn Road,57.4820196,-4.2125589,2025-09-25T06:00:00Z,2025-09-25T07:00:00Z,109,24,17,0,11,15,176
HC01,Highland,Inverness,Millburn Road,57.4820196,-4.2125589,2025-09-25T07:00:00Z,2025-09-25T08:00:00Z,237,75,28,3,22,30,395
HC01,Highland,Inverness,Millburn Road,57.4820196,-4.2125589,2025-09-25T08:00:00Z,2025-09-25T09:00:00Z,595,71,37,2,33,44,782
HC01,Highland,Inverness,Millburn Road,57.4820196,-4.2125589,2025-09-25T09:00:00Z,2025-09-25T10:00:00Z,700,91,28,3,19,53,894
HC01,Highland,Inverness,Millburn Road,57.4820196,-4.2125589,2025-09-25T10:00:00Z,2025-09-25T11:00:00Z,802,84,35,2,10,33,966
HC01,Highland,Inverness,Millburn Road,57.4820196,-4.2125589,2025-09-25T11:00:00Z,2025-09-25T12:00:00Z,883,94,25,7,9,44,1062
HC01,Highland,Inverness,Millburn Road,57.4820196,-4.2125589,2025-09-25T12:00:00Z,2025-09-25T13:00:00Z,952,98,30,4,10,44,1138
HC01,Highland,Inverness,Millburn Road,57.4820196,-4.2125589,2025-09-25T13:00:00Z,2025-09-25T14:00:00Z,869,86,24,8,23,175,1185
HC01,Highland,Inverness,Millburn Road,57.4820196,-4.2125589,2025-09-25T14:00:00Z,2025-09-25T15:00:00Z,944,79,32,7,21,51,1134
HC01,Highland,Inverness,Millburn Road,57.4820196,-4.2125589,2025-09-25T15:00:00Z,2025-09-25T16:00:00Z,856,111,28,8,30,63,1096
HC01,Highland,Inverness,Millburn Road,57.4820196,-4.2125589,2025-09-25T16:00:00Z,2025-09-25T17:00:00Z,873,85,34,7,26,78,1103
HC01,Highland,Inverness,Millburn Road,57.4820196,-4.2125589,2025-09-25T17:00:00Z,2025-09-25T18:00:00Z,862,58,28,5,34,53,1040
HC01,Highland,Inverness,Millburn Road,57.4820196,-4.2125589,2025-09-25T18:00:00Z,2025-09-25T19:00:00Z,729,42,21,5,16,57,870
HC01,Highland,Inverness,Millburn Road,57.4820196,-4.2125589,2025-09-25T19:00:00Z,2025-09-25T20:00:00Z,536,28,17,3,15,30,629
HC01,Highland,Inverness,Millburn Road,57.4820196,-4.2125589,2025-09-25T20:00:00Z,2025-09-25T21:00:00Z,477,17,9,2,12,67,584
HC01,Highland,Inverness,Millburn Road,57.4820196,-4.2125589,2025-09-25T21:00:00Z,2025-09-25T22:00:00Z,310,18,8,3,15,37,391
HC01,Highland,Inverness,Millburn Road,57.4820196,-4.2125589,2025-09-25T22:00:00Z,2025-09-25T23:00:00Z,215,4,6,0,6,31,262
HC01,Highland,Inverness,Millburn Road,57.4820196,-4.2125589,2025-09-25T23:00:00Z,2025-09-26T00:00:00Z,111,2,6,0,6,10,135
HC01,Highland,Inverness,Millburn Road,57.4820196,-4.2125589,2026-05-13T00:00:00Z,2026-05-13T01:00:00Z,58,0,3,0,2,1,64
HC01,Highland,Inverness,Millburn Road,57.4820196,-4.2125589,2026-05-13T01:00:00Z,2026-05-13T02:00:00Z,31,2,2,0,1,1,37
HC01,Highland,Inverness,Millburn Road,57.4820196,-4.2125589,2026-05-13T02:00:00Z,2026-05-13T03:00:00Z,19,2,1,0,0,2,24
HC01,Highland,Inverness,Millburn Road,57.4820196,-4.2125589,2026-05-13T03:00:00Z,2026-05-13T04:00:00Z,11,4,2,0,1,1,19
HC01,Highland,Inverness,Millburn Road,57.4820196,-4.2125589,2026-05-13T04:00:00Z,2026-05-13T05:00:00Z,23,4,2,0,0,0,29
HC01,Highland,Inverness,Millburn Road,57.4820196,-4.2125589,2026-05-13T05:00:00Z,2026-05-13T06:00:00Z,70,11,8,0,6,2,97
HC01,Highland,Inverness,Millburn Road,57.4820196,-4.2125589,2026-05-13T06:00:00Z,2026-05-13T07:00:00Z,132,49,17,0,5,14,217
HC01,Highland,Inverness,Millburn Road,57.4820196,-4.2125589,2026-05-13T07:00:00Z,2026-05-13T08:00:00Z,284,81,18,2,14,23,422
HC01,Highland,Inverness,Millburn Road,57.4820196,-4.2125589,2026-05-13T08:00:00Z,2026-05-13T09:00:00Z,543,84,31,2,21,42,723
HC01,Highland,Inverness,Millburn Road,57.4820196,-4.2125589,2026-05-13T09:00:00Z,2026-05-13T10:00:00Z,640,62,24,4,8,29,767
HC01,Highland,Inverness,Millburn Road,57.4820196,-4.2125589,2026-05-13T10:00:00Z,2026-05-13T11:00:00Z,750,82,35,1,12,27,907
HC01,Highland,Inverness,Millburn Road,57.4820196,-4.2125589,2026-05-13T11:00:00Z,2026-05-13T12:00:00Z,842,66,27,3,6,38,982
HC01,Highland,Inverness,Millburn Road,57.4820196,-4.2125589,2026-05-13T12:00:00Z,2026-05-13T13:00:00Z,870,86,28,2,11,52,1049
HC01,Highland,Inverness,Millburn Road,57.4820196,-4.2125589,2026-05-13T13:00:00Z,2026-05-13T14:00:00Z,819,94,31,3,7,125,1079
HC01,Highland,Inverness,Millburn Road,57.4820196,-4.2125589,2026-05-13T14:00:00Z,2026-05-13T15:00:00Z,786,89,27,5,15,41,963
HC01,Highland,Inverness,Millburn Road,57.4820196,-4.2125589,2026-05-13T15:00:00Z,2026-05-13T16:00:00Z,799,106,35,1,18,49,1008
HC01,Highland,Inverness,Millburn Road,57.4820196,-4.2125589,2026-05-13T16:00:00Z,2026-05-13T17:00:00Z,827,78,29,2,11,42,989
HC01,Highland,Inverness,Millburn Road,57.4820196,-4.2125589,2026-05-13T17:00:00Z,2026-05-13T18:00:00Z,765,76,31,2,19,65,958
HC01,Highland,Inverness,Millburn Road,57.4820196,-4.2125589,2026-05-13T18:00:00Z,2026-05-13T19:00:00Z,659,55,14,0,5,55,788
HC01,Highland,Inverness,Millburn Road,57.4820196,-4.2125589,2026-05-13T19:00:00Z,2026-05-13T20:00:00Z,488,23,16,1,10,37,575
HC01,Highland,Inverness,Millburn Road,57.4820196,-4.2125589,2026-05-13T20:00:00Z,2026-05-13T21:00:00Z,439,15,12,2,10,30,508
HC01,Highland,Inverness,Millburn Road,57.4820196,-4.2125589,2026-05-13T21:00:00Z,2026-05-13T22:00:00Z,321,9,8,0,6,27,371
HC01,Highland,Inverness,Millburn Road,57.4820196,-4.2125589,2026-05-13T22:00:00Z,2026-05-13T23:00:00Z,251,5,7,0,8,22,293
HC01,Highland,Inverness,Millburn Road,57.4820196,-4.2125589,2026-05-13T23:00:00Z,2026-05-14T00:00:00Z,170,3,5,0,3,5,186
HC01,Highland,Inverness,Millburn Road,57.4820196,-4.2125589,2026-05-14T00:00:00Z,2026-05-14T01:00:00Z,55,0,3,0,1,4,63
HC01,Highland,Inverness,Millburn Road,57.4820196,-4.2125589,2026-05-14T01:00:00Z,2026-05-14T02:00:00Z,32,1,3,0,0,4,40
HC01,Highland,Inverness,Millburn Road,57.4820196,-4.2125589,2026-05-14T02:00:00Z,2026-05-14T03:00:00Z,31,2,2,0,0,0,35
HC01,Highland,Inverness,Millburn Road,57.4820196,-4.2125589,2026-05-14T03:00:00Z,2026-05-14T04:00:00Z,15,4,2,0,1,0,22
HC01,Highland,Inverness,Millburn Road,57.4820196,-4.2125589,2026-05-14T04:00:00Z,2026-05-14T05:00:00Z,32,3,2,0,2,1,40
HC01,Highland,Inverness,Millburn Road,57.4820196,-4.2125589,2026-05-14T05:00:00Z,2026-05-14T06:00:00Z,60,15,9,0,3,2,89
HC01,Highland,Inverness,Millburn Road,57.4820196,-4.2125589,2026-05-14T06:00:00Z,2026-05-14T07:00:00Z,138,37,16,1,9,10,211
HC01,Highland,Inverness,Millburn Road,57.4820196,-4.2125589,2026-05-14T07:00:00Z,2026-05-14T08:00:00Z,307,88,21,2,17,35,470
HC01,Highland,Inverness,Millburn Road,57.4820196,-4.2125589,2026-05-14T08:00:00Z,2026-05-14T09:00:00Z,557,102,39,0,15,43,756
HC01,Highland,Inverness,Millburn Road,57.4820196,-4.2125589,2026-05-14T09:00:00Z,2026-05-14T10:00:00Z,707,87,27,3,7,39,870
HC01,Highland,Inverness,Millburn Road,57.4820196,-4.2125589,2026-05-14T10:00:00Z,2026-05-14T11:00:00Z,789,83,30,1,11,30,944
HC01,Highland,Inverness,Millburn Road,57.4820196,-4.2125589,2026-05-14T11:00:00Z,2026-05-14T12:00:00Z,805,96,24,5,5,24,959
HC01,Highland,Inverness,Millburn Road,57.4820196,-4.2125589,2026-05-14T12:00:00Z,2026-05-14T13:00:00Z,922,102,32,3,7,31,1097
HC01,Highland,Inverness,Millburn Road,57.4820196,-4.2125589,2026-05-14T13:00:00Z,2026-05-14T14:00:00Z,901,92,29,0,4,182,1208
HC01,Highland,Inverness,Millburn Road,57.4820196,-4.2125589,2026-05-14T14:00:00Z,2026-05-14T15:00:00Z,876,77,28,8,13,27,1029
HC01,Highland,Inverness,Millburn Road,57.4820196,-4.2125589,2026-05-14T15:00:00Z,2026-05-14T16:00:00Z,900,81,33,3,14,54,1085
HC01,Highland,Inverness,Millburn Road,57.4820196,-4.2125589,2026-05-14T16:00:00Z,2026-05-14T17:00:00Z,834,82,32,7,20,66,1041
HC01,Highland,Inverness,Millburn Road,57.4820196,-4.2125589,2026-05-14T17:00:00Z,2026-05-14T18:00:00Z,825,74,26,8,23,69,1025
HC01,Highland,Inverness,Millburn Road,57.4820196,-4.2125589,2026-05-14T18:00:00Z,2026-05-14T19:00:00Z,663,47,21,3,9,50,793
HC01,Highland,Inverness,Millburn Road,57.4820196,-4.2125589,2026-05-14T19:00:00Z,2026-05-14T20:00:00Z,543,28,13,4,15,51,654
HC01,Highland,Inverness,Millburn Road,57.4820196,-4.2125589,2026-05-14T20:00:00Z,2026-05-14T21:00:00Z,482,37,8,3,10,38,578
HC01,Highland,Inverness,Millburn Road,57.4820196,-4.2125589,2026-05-14T21:00:00Z,2026-05-14T22:00:00Z,370,22,10,3,8,31,444
HC01,Highland,Inverness,Millburn Road,57.4820196,-4.2125589,2026-05-14T22:00:00Z,2026-05-14T23:00:00Z,253,11,8,1,9,17,299
HC01,Highland,Inverness,Millburn Road,57.4820196,-4.2125589,2026-05-14T23:00:00Z,2026-05-15T00:00:00Z,162,6,7,0,3,11,189
